card_id;customers_city;customers_postal_code;customers_street_name;customers_street_number;first_name;second_name;last_name;marital_status;number_of_kids;sex;phone_number;birthday DATE; 
1756012792;Argos;38575;Iroon Polytexneiou;34;Christos;NULL;Koroulis;not married;0;m;6993325584;1999-07-29;
1603984566;Agioi Anargyroi;38575;3i Septembriou;65;Andreas;NULL;Bouchalakis;not married;1;m;6981422595;1980-06-24;
1441362271;Agioi Anargyroi;24357;Karamanli;76;Tasos;NULL;Pantos;married;2;m;6957143915;1965-01-23;
1443839163;Agia Paraskevi;11547;Tsimiski;45;Kostas;NULL;Fortounis;married;3;m;6907826542;1967-04-02;
1615582800;Argos;89665;Kleomenous;34;Giorgos;NULL;Donis;married;2;m;6913001255;1978-02-03;
1311693397;Patra;45689;Draxmis;32;Katerina;NULL;Kainoyrioy;not married;1;f;6931797916;1945-11-13;
1081048374;Thessaloniki;26579;Evristhenous;43;Georgia;NULL;Mandroy;married;2;f;6973036862;1987-10-22;
1165343577;Patra;57568;Aleksandras;56;Dido;NULL;Stoikou;married;3;f;6922020058;1999-03-02;
1571103251;Patra;38576;Konstantinou;35;Thodoris;NULL;Aivalis;not married;0;m;6981134633;1999-12-05;
1147762158;Argos;33567;Fidonos;2;Fotini;NULL;Tsilimpi;not married;0;f;6992018065;1956-05-04;
1963667200;Thessaloniki;24994;Draxmis;25;Maria;NULL;Mpelloy;married;1;f;6956280971;1965-09-02;
1692796599;Agioi Anargyroi;45369;Sofokleous;19;Makis;NULL;Kotsampasis;married;1;m;6937926276;1977-08-23;
1773497852;Argos;43352;Aristomenous;87;Alexandra;NULL;Karamolegkoy;not married;0;f;6934696219;1992-04-04;
1602910930;Patra;76775;Evripidou;56;Alexandra;NULL;Palaiologoy;not married;1;f;6920518875;1961-07-15;
1303458490;Thessaloniki;89665;Karaiskaki;4;Giannis;NULL;Antetokoympo;married;2;m;6994778284;1950-06-11;
1333445673;Agia Paraskevi;21200;Papandreou;53;Giorgos;NULL;Printezis;not married;0;m;6996409244;1980-10-20;
1175974427;Agioi Anargyroi;65668;Kolokotroni;24;Christos;NULL;Vasilakakis;married;4;m;6907666608;1964-03-24;
1778300148;Thessaloniki;11547;Aristotelous;22;Evlampia;NULL;Arxontoylh;married;2;f;6934598302;1970-08-31;
